source,file_id,offset,original_text,translated_text
ELF,ELF,0x005D3E,鰤韻(q鎭,
ELF,ELF,0x01F19D,礇呉窿,
ELF,ELF,0x0202FB,汐稘実7,
ELF,ELF,0x020503,鴫邃実7,
ELF,ELF,0x02874E,ベ韻輛,
ELF,ELF,0x035020,劇ョ死ｗ<,
ELF,ELF,0x035704,凰ン噫ｓ<,
ELF,ELF,0x03CCB1,ｂ術ｂ,
ELF,ELF,0x041374,怩э菘,
ELF,ELF,0x041478,怩э菘,
ELF,ELF,0x041581,ｄ妾ｂ商ｐ,
ELF,ELF,0x0415E1,ｂ匠ｄ商ｅ,
ELF,ELF,0x041A41,ｃ紹ｃ,
ELF,ELF,0x041B15,ｄ松ｅ称,
ELF,ELF,0x041B35,ｄ昇ｄ,
ELF,ELF,0x043424,烙孤艢塞p,
ELF,ELF,0x06321B,轡モ洲,
ELF,ELF,0x06480D,ヤ秋モ,
ELF,ELF,0x0648F1,ヤ渋ュ,
ELF,ELF,0x064969,ヤ汁ュ,
ELF,ELF,0x064A91,ヨ醜ム,
ELF,ELF,0x064CFD,ヰ醜ム,
ELF,ELF,0x06502D,ュ填ユ天ョ蕩,
ELF,ELF,0x065FDB,四ヤ商,
ELF,ELF,0x06B4A2,船宴ｓ`,
ELF,ELF,0x080DD8,Ｐ|oXo姉双,
ELF,ELF,0x080EC0,穩灑疵,
ELF,ELF,0x08105A,指仇層,
ELF,ELF,0x081254,党厭[}殉}}孺,
ELF,ELF,0x0813A5,゜°芳,
ELF,ELF,0x0813AD,ヾ＿◯,
ELF,ELF,0x081429,ＩＫＬ,
ELF,ELF,0x08166F,改咽郁允,
ELF,ELF,0x081697,荏運映嬰盈泳頴液駅円宴沿炎遠汚横黄襖荻憶牡下何価佳蝦嘩貨臥廻恢,
ELF,ELF,0x0816E5,晦骸崖皆芥掛確獲鈎喝鰍割勘苅椛冠寒噛乾監艦環舘危希顔,
ELF,ELF,0x081721,金岩机巌丸,
ELF,ELF,0x081747,帰記軌起紀儀擬技橘祇詰黍逆急朽旧去拠挙許漁禦,
ELF,ELF,0x081779,粂鍬君訓袈恵畦警頚撃潔桁穴訣月券芸堅,
ELF,ELF,0x0817A1,謙舷鹸元鍵幻己乎御後顧,
ELF,ELF,0x0817D5,紅肯航行香甑債裟瑳済載斎採際才碕鷺罪阪刷,
ELF,ELF,0x081813,捌雑鯖鮫傘皐産仕餐,
ELF,ELF,0x081827,残散思屍旨氏紫糸私視至雌資飼児蒔治汐鴫屡竺疾芝縞射杓弱周収狩,
ELF,ELF,0x081887,臭終洲蒐集十,
ELF,ELF,0x081897,縦重除勝哨少庄捷詳丞鞘場擾順洗,
ELF,ELF,0x0818D1,煽衆娠寝審,
ELF,ELF,0x0818E1,新森真辛塵迅勢睦垂図吹逗衰翠随勢星棲牲絶蝉食b,
ELF,ELF,0x081919,遷膳噌祖粗訴壮喪窓痩曹造足賊測揃其村詑唾陀騨岱替逮黛苔只託鐸,
ELF,ELF,0x081961,耽淡脱棚壇辿瀦,
ELF,ELF,0x081971,狸単凋猪駐兆短佃鳥長帝,
ELF,ELF,0x08199D,貼伝倒渡天堂闘働灯道敦沌楢灘豚禿鈍寅栃謎,
ELF,ELF,0x0819DB,尿燃妊納覗巴膿破,
ELF,ELF,0x0819ED,恥盃背媒濃培梅煤,
ELF,ELF,0x0819FF,狽芙賦部楓葺蕗,
ELF,ELF,0x081A11,物仏墳幣塀併弊別崩o,
ELF,ELF,0x081A25,箆蔑遍返便舗甫募補,
ELF,ELF,0x081A3F,烹豊飽訪殆暴某望棒貿睦僕枕迄抹沫蓑密務夢眠牟霧椋婿茂麺緬模邦嘩,
ELF,ELF,0x081AA1,優友幽唯悠予輿妖庸揺淋Rk窯遥羅慾浴陽螺雷酪乱梨葎率離竜龍療糧諒陵涙麗涌漑令z,
ELF,ELF,0x081B3D,傳僮僞儕僵儔儚儉儷剽劍勍勵勸匸听叺吽叮厶呰咒呶咄哈咥,
ELF,ELF,0x081B7F,哘咤咫咾,
ELF,ELF,0x081B8B,啅哺喙啗喟喘啼單喨嗅嗚坏垈埔埖墹墫壞墻壜壤壺壹壽夲梦夭奐夾奘奬,
ELF,ELF,0x081BE5,侫佞娑娥娟娉婢孚專寃尅尠尢屐屏岑峩崑嵬峪嵌嶂嶝嶬帙帚帑嶽帋,
ELF,ELF,0x081C21,懿幇幤,
ELF,ELF,0x081C4F,彁彖徃忻忸懃懍懺,
ELF,ELF,0x081C7F,戳扎拆擔拇找抉拑搜揄插抬捐掏撓擘擠擺敍效攴攤攫敞斫敖无旁曁晄晨晢,
ELF,ELF,0x081CC7,柆框栲栫梭梛梃梺桾梠椌棗棠楮棯椚杪領榻槃榧榜權槲槹樅槫櫁橸,
ELF,ELF,0x081D05,樢檐檠檢檣,
ELF,ELF,0x081D1F,櫟欒鬱歡歙歔歛歿殀殕殍毆殲殼泄沮泛,
ELF,ELF,0x0867A8,囮劔劔,
ELF,ELF,0x0867B0,囮劔劔,
ELF,ELF,0x087CD2,疏膵瓩@厳x,
ELF,ELF,0x088170,メニューへ戻りますか？,
ELF,ELF,0x0881B0,タイトルへ戻りますか？,
ELF,ELF,0x088220,クイックセーブしますか？,
ELF,ELF,0x088240,クイックセーブデータは既に存在しますが,
ELF,ELF,0x088267,　　 上書きしてもよろしいですか？,
ELF,ELF,0x088290,保存しました。,
ELF,ELF,0x0882A0,クイックセーブされていません。,
ELF,ELF,0x0882BF,クイックロードを中止します。,
ELF,ELF,0x0882E0,クイックロードしますか？,
ELF,ELF,0x088440,立絵 : chara[%2d] %d番のファイル読み込み待機,
ELF,ELF,0x088480,いいえ,
ELF,ELF,0x0893D0,パニックの停止待機中,
ELF,ELF,0x089420,履歴がありません,
ELF,ELF,0x089438,【？？？】,
ELF,ELF,0x08A043,剰撲S\攫z,
ELF,ELF,0x08A0A3,糾佐侮i,
ELF,ELF,0x08A20F,常瀬部吠庸[,
ELF,ELF,0x08A280,啅*X觝啓麓,
ELF,ELF,0x08A33D,感詣採,
ELF,ELF,0x08A423,邑兒夸N,
ELF,ELF,0x08A474,穆駢謔,
ELF,ELF,0x08A47B,屡卻參冽Q,
ELF,ELF,0x08A4D8,黌妓QYb_Юu`vaga,
ELF,ELF,0x08A573,銀股残訊奴剖,
ELF,ELF,0x08A59B,期咳鋒N,
ELF,ELF,0x08A5EC,史Zt』條,
ELF,ELF,0x08A5F5,学巨楚N,
ELF,ELF,0x08A626,充蘊躱,
ELF,ELF,0x08A683,兇向弧訊倉,
ELF,ELF,0x08A6BF,疏旆曠s,
ELF,ELF,0x08A7B8,鐐壇ce_h誨,
ELF,ELF,0x08A825,♭＊運格廓褐基管五故癒椀k起<O弘PQW[,
ELF,ELF,0x08A864,黶売桴Pl,
ELF,ELF,0x08A935,尻鼠柁万詑NOOEQAS点,
ELF,ELF,0x08A9BC,戎神U`苒d鵡P,
ELF,ELF,0x08A9EA,Э蛙濘p_,
ELF,ELF,0x08AA3D,概郭蛎伍研素蓄,
ELF,ELF,0x08AAF1,看縦卜,
ELF,ELF,0x08AB7F,旺鞄翰,
ELF,ELF,0x08AB87,崇然雄莱e,
ELF,ELF,0x08ABAB,〓慧冴浩自x,
ELF,ELF,0x08AC8E,蚋丑騏,
ELF,ELF,0x08AD3F,衰杢槿帙N,
ELF,ELF,0x08AE1B,劾濯漬,
ELF,ELF,0x08AF17,常愁遅QkX)YU\与,
ELF,ELF,0x08AF2D,娯纂仍p,
ELF,ELF,0x08AFE5,Т水亭\,
ELF,ELF,0x08B30F,蕉舟請O,
ELF,ELF,0x08B379,開絹脊,
ELF,ELF,0x08B381,偈徑抂N,
ELF,ELF,0x08B3AB,旧諺鯨,
ELF,ELF,0x08B463,序碇懋Y]r,
ELF,ELF,0x08B4C9,轄桟烈g,
ELF,ELF,0x08B606,閨*哨妨悄杼tAX冦/}^倅N6O軌,
ELF,ELF,0x08B635,覧枌洶ftk,
ELF,ELF,0x08B736,晒朦櫻,
ELF,ELF,0x08B81A,群渦讐漸轍媛鵬,
ELF,ELF,0x08B91E,週uT撒_TqTwTpT探{T,
ELF,ELF,0x08B986,涯欟{U~U篭朸,
ELF,ELF,0x08BB54,膽觴禺,
ELF,ELF,0x08BB92,圭曾能婪,
ELF,ELF,0x08BCF2,〜港軈チ啻Я嫣冒輿蛋,
ELF,ELF,0x08BD76,蚤啾蛎疎,
ELF,ELF,0x08BDD6,Ｃ叡~b鍛澱肪,
ELF,ELF,0x08BE2C,縦営歡,
ELF,ELF,0x08BECC,Ｆテ葛嫺歹,
ELF,ELF,0x08BF3A,瀁?f詛馭,
ELF,ELF,0x08BFC4,派拮嬋ド,
ELF,ELF,0x08C142,Ｍ考嗟〕嬪~lhlsl値人,
ELF,ELF,0x08C2B8,千華留,
ELF,ELF,0x08C2E8,体育祭,
ELF,ELF,0x08C2F0,プリンセスセミナー,
ELF,ELF,0x08C308,エピローグ,
ELF,ELF,0x08C320,お兄ちゃんエンド,
ELF,ELF,0x08C338,ノーマルエンド,
ELF,ELF,0x08E428,オープニング,
ELF,ELF,0x08E438,チュートリアル,
ELF,ELF,0x090630,聖ミアトル女学園４年月組在籍。,St. Miator 4to Año Cl. Luna.
ELF,ELF,0x09064F,素直で明るい元気な女の子。,Chica honesta y alegre.
ELF,ELF,0x09066A,割と慌てものでビックリすること,"Es asustadiza, y de la nada"
ELF,ELF,0x090689,があるとすぐパニックに＠,suele entrar en pánico.
ELF,ELF,0x0906B0,聖スピカ女学院３年アン組在籍。,St. Spica 3er Año Clase Un.
ELF,ELF,0x0906CF,おっとりとした性格の女の子。,Es una chica muy pacífica.
ELF,ELF,0x0906EC,美しい物を見たり聞いたりすると,Al ver cosas hermosas se
ELF,ELF,0x09070B,感動で頭がポーッとなっちゃう＠,emociona y queda embobada.
ELF,ELF,0x090730,聖ル・リム女学校２年Ｂ組在籍。,St. Lulim 2do Año Clase B.
ELF,ELF,0x09074F,幼いルックスのあどけない女の子。,Es muy inocente e infantil.
ELF,ELF,0x090770,幼さ故の大胆さと無邪気な笑顔が,Su atrevimiento y sonrisa son
ELF,ELF,0x09078F,魅力のひとつ＠,sus encantos.
ELF,ELF,0x0907A0,あなたは学園に編入する主人公の,Eres el hermano mayor de la
ELF,ELF,0x0907BF,兄として、妹の学園生活を垣間,alumna nueva. Podrás ver
ELF,ELF,0x0907DC,見ることができちゃいます＠,su vida en la escuela.
ELF,ELF,0x0907F7,★妹からメールが届いたり！？★,★¿Te enviará correos!?★
ELF,ELF,0x090820,あなたは学園に編入する主人公。,Eres la nueva alumna.
ELF,ELF,0x09083F,女の子しか居ない、乙女の園を,Podrás disfrutar de un
ELF,ELF,0x09085C,堪能することができちゃいます＠,jardín solo para chicas.
ELF,ELF,0x09087B,★秘密の日記が見れちゃう！？★,★¡Verás diarios secretos!★
ELF,ELF,0x090A00,ストロベリー・パニック！,
ELF,ELF,0x090AA0,メモリーカード(PS2)を,
ELF,ELF,0x090AB6,調べています。,
ELF,ELF,0x090AC5,抜き差ししないでください。,
ELF,ELF,0x090AE0,セーブデータを読み込み中です。,
ELF,ELF,0x090AFF,メモリーカード(PS2)を,
ELF,ELF,0x090B15,抜き差ししないで下さい。,
ELF,ELF,0x090B3B,差込口１に,
ELF,ELF,0x090B46,メモリーカード(PS2)が,
ELF,ELF,0x090B5C,正しく差し込まれていません。,
ELF,ELF,0x090B80,メモリーカード(PS2)の,
ELF,ELF,0x090B96,空き容量が不足しています。,
ELF,ELF,0x090BC0,セーブデータを読み込みました。,
ELF,ELF,0x090BE0,セーブデータが破損していました。,
ELF,ELF,0x090C10,ストロベリーパニック！の,
ELF,ELF,0x090C29,セーブデータを作成するには,
ELF,ELF,0x090C49,以上の空き容量が必要です。,
ELF,ELF,0x090C70,セーブデータの読み込みに,
ELF,ELF,0x090C89,失敗しました。,
ELF,ELF,0x090CA0,このまま開始しますか？,
ELF,ELF,0x090CB8,テクスチャ,
ELF,ELF,0x090CC8,モデル,
ELF,ELF,0x090CD0,フォント,
ELF,ELF,0x090CE0,メモカアイコン,
ELF,ELF,0x090D28,いいえ,
ELF,ELF,0x090D68,　天音のテーマ,
ELF,ELF,0x090D78,　夜々のテーマ,
ELF,ELF,0x090D88,　蕾のテーマ,
ELF,ELF,0x090DA0,　千華留のテーマ,
ELF,ELF,0x090DB8,　檸檬のテーマ,
ELF,ELF,0x090DC8,　籠女のテーマ,
ELF,ELF,0x090DD8,　静馬のテーマ,
ELF,ELF,0x090DE8,　玉青のテーマ,
ELF,ELF,0x090DF8,　千代のテーマ,
ELF,ELF,0x090E08,　光莉のテーマ,
ELF,ELF,0x090E18,　絆奈のテーマ,
ELF,ELF,0x090E28,　渚砂のテーマ,
ELF,ELF,0x090E38,　日常,
ELF,ELF,0x090E40,　百合１,
ELF,ELF,0x090E50,　百合２,
ELF,ELF,0x090E60,　コミカル,
ELF,ELF,0x090E70,　シリアス,
ELF,ELF,0x090E80,　おまけ,
ELF,ELF,0x090E90,　天使と悪魔１,
ELF,ELF,0x090EA0,　天使と悪魔２,
ELF,ELF,0x090EB0,　パニック１,
ELF,ELF,0x090EC0,　パニック２,
ELF,ELF,0x090EE0,　そばにいるよ,
ELF,ELF,0x091830,？？？？？？？？,
ELF,ELF,0x0918B0,システムデータは保存されません,
ELF,ELF,0x0918CF,保存しないで終了しますか？,
ELF,ELF,0x0918F0,ストロベリーパニック！の,
ELF,ELF,0x091909,セーブデータを作成するには,
ELF,ELF,0x091929,以上の空き容量が必要です。,
ELF,ELF,0x09195B,差込口１に,
ELF,ELF,0x091966,メモリーカード(PS2)が,
ELF,ELF,0x09197C,正しく差し込まれていません。,
ELF,ELF,0x0919A0,メモリーカード(PS2)の,
ELF,ELF,0x0919B6,空き容量が不足しています。,
ELF,ELF,0x0919E0,システムデータの読み込みに,
ELF,ELF,0x0919FB,失敗しました。,
ELF,ELF,0x091A10,システムデータの保存に,
ELF,ELF,0x091A27,失敗しました。,
ELF,ELF,0x091A40,メモリーカード(PS2)の,
ELF,ELF,0x091A56,フォーマットに失敗しました。,
ELF,ELF,0x091A80,メモリーカード(PS2)が,
ELF,ELF,0x091A96,フォーマットされていません。,
ELF,ELF,0x091AB3,フォーマットしてよろしいですか？,
ELF,ELF,0x091AE0,システムデータをセーブ中です。,
ELF,ELF,0x091AFF,メモリーカード(PS2)を,
ELF,ELF,0x091B15,抜き差ししないでください。,
ELF,ELF,0x091B30,フォーマットしています。,
ELF,ELF,0x091B49,メモリーカード(PS2)を,
ELF,ELF,0x091B5F,抜き差ししないでください。,
ELF,ELF,0x091B80,セーブデータをチェック中です。,
ELF,ELF,0x091B9F,メモリーカード(PS2)を,
ELF,ELF,0x091BB5,抜き差ししないでください。,
ELF,ELF,0x091BD0,メモリーカード(PS2)を,
ELF,ELF,0x091BE6,調べています。,
ELF,ELF,0x091BF5,抜き差ししないでください。,
ELF,ELF,0x091C10,システムデータを保存しますか？,
ELF,ELF,0x091C30,タイトルへ戻りますか？,
ELF,ELF,0x091CB0,クイックセーブします。,
ELF,ELF,0x091CC7,既にクイックセーブデータがある場合は、,
ELF,ELF,0x091CEE,上書きされてしまいます。,
ELF,ELF,0x091D10,クイックセーブしたデータから、,
ELF,ELF,0x091D2F,ゲームを再開します。,
ELF,ELF,0x091D50,ゲームデータの記録を行います。,
ELF,ELF,0x091D70,セーブしたゲームデータから、,
ELF,ELF,0x091D8D,ゲームを再開します。,
ELF,ELF,0x091DB0,ゲーム中に通ったテキストを読み直します。,
ELF,ELF,0x091DE0,ゲーム中の設定を変更します。,
ELF,ELF,0x091E00,ゲームを中断し、タイトル画面へ戻ります。,
ELF,ELF,0x091E30,サウンドに関する設定を行います。,
ELF,ELF,0x091E60,メッセージに関する設定を行います。,
ELF,ELF,0x091E90,音声に関する設定を行います。,
ELF,ELF,0x091EB0,メッセージウィンドウの設定を行います。,
ELF,ELF,0x091EE0,ゲーム中の特殊設定を行います。,
ELF,ELF,0x091F00,前の画面に戻ります。,
ELF,ELF,0x091F20,ゲーム中のBGMボリュームを設定します。,
ELF,ELF,0x091F50,ゲーム中のSEボリュームを設定します。,
ELF,ELF,0x091F80,ゲーム中のVOICEボリュームを設定します。,
ELF,ELF,0x091FB0,メッセージの表示速度を設定します。,
ELF,ELF,0x091FE0,メッセージスキップを行う対象を設定します。,
ELF,ELF,0x092010,一度読んだ文章の色を変えるかどうか設定します。,
ELF,ELF,0x092040,渚砂の音声を再生します。,
ELF,ELF,0x092060,静馬の音声を再生します。,
ELF,ELF,0x092080,玉青の音声を再生します。,
ELF,ELF,0x0920A0,千代の音声を再生します。,
ELF,ELF,0x0920C0,その他のキャラクターの音声を再生します。,
ELF,ELF,0x0920F0,光莉の音声を再生します。,
ELF,ELF,0x092110,天音の音声を再生します。,
ELF,ELF,0x092130,夜々の音声を再生します。,
ELF,ELF,0x092150,蕾の音声を再生します。,
ELF,ELF,0x092170,全てのキャラクターの音声を,
ELF,ELF,0x09218B,再生するようにします。,
ELF,ELF,0x0921B0,絆奈の音声を再生します。,
ELF,ELF,0x0921D0,千華留の音声を再生します。,
ELF,ELF,0x0921F0,檸檬の音声を再生します。,
ELF,ELF,0x092210,籠女の音声を再生します。,
ELF,ELF,0x092230,全てのキャラクターの音声を,
ELF,ELF,0x09224B,再生しないようにします。,
ELF,ELF,0x092270,渚砂の音声を再生しません。,
ELF,ELF,0x092290,静馬の音声を再生しません。,
ELF,ELF,0x0922B0,玉青の音声を再生しません。,
ELF,ELF,0x0922D0,千代の音声を再生しません。,
ELF,ELF,0x0922F0,その他のキャラクターの音声を再生しません。,
ELF,ELF,0x092320,光莉の音声を再生しません。,
ELF,ELF,0x092340,天音の音声を再生しません。,
ELF,ELF,0x092360,夜々の音声を再生しません。,
ELF,ELF,0x092380,蕾の音声を再生しません。,
ELF,ELF,0x0923A0,絆奈の音声を再生しません。,
ELF,ELF,0x0923C0,千華留の音声を再生しません。,
ELF,ELF,0x0923E0,檸檬の音声を再生しません。,
ELF,ELF,0x092400,籠女の音声を再生しません。,
ELF,ELF,0x092420,メッセージウィンドウ内のカラーを設定します。,
ELF,ELF,0x092450,メッセージウィンドウ内の透明度を設定します。,
ELF,ELF,0x092480,画面効果のあり、なしを設定します。,
ELF,ELF,0x0924B0,振動機能のあり、なしを設定します。,
ELF,ELF,0x0924E0,システムボイスのキャラクターを設定します。,
ELF,ELF,0x092510,選択肢で表示されるキャラクターアイコンの,
ELF,ELF,0x092539,あり、なしを設定します。,
ELF,ELF,0x092560,ゲームメニューに戻ります。,
ELF,ELF,0x092580,タイトル画面へ戻ります。,
ELF,ELF,0x0925E8,×静馬,
ELF,ELF,0x0925F0,×千代,
ELF,ELF,0x0925F8,×玉青,
ELF,ELF,0x092600,×天音,
ELF,ELF,0x092610,×夜々,
ELF,ELF,0x092618,×千華留,
ELF,ELF,0x092628,×籠女,
ELF,ELF,0x092630,×檸檬,
ELF,ELF,0x092751,プレイデータがありません。,
ELF,ELF,0x0927A0,選択したプレイデータで,
ELF,ELF,0x0927B7,ゲームを開始しますか？,
ELF,ELF,0x0927D0,ロードを終了しますか？,
ELF,ELF,0x0927F0,セーブを終了しますか？,
ELF,ELF,0x092810,ストロベリーパニック！の,
ELF,ELF,0x092829,セーブデータを作成するには,
ELF,ELF,0x092849,以上の空き容量が必要です。,
ELF,ELF,0x09287B,差込口１に,
ELF,ELF,0x092886,メモリーカード(PS2)が,
ELF,ELF,0x09289C,正しく差し込まれていません。,
ELF,ELF,0x0928C0,メモリーカード(PS2)の,
ELF,ELF,0x0928D6,空き容量が不足しています。,
ELF,ELF,0x092900,セーブデータの読み込みに,
ELF,ELF,0x092919,失敗しました。,
ELF,ELF,0x092930,セーブデータを保存しました。,
ELF,ELF,0x092950,メモリーカード(PS2)が,
ELF,ELF,0x092966,フォーマットされていません。,
ELF,ELF,0x092983,フォーマットしてセーブしますか？,
ELF,ELF,0x0929B0,セーブデータの保存に,
ELF,ELF,0x0929C5,失敗しました。,
ELF,ELF,0x0929E0,メモリーカード(PS2)の,
ELF,ELF,0x0929F6,フォーマットに失敗しました。,
ELF,ELF,0x092A20,セーブデータを保存しています。,
ELF,ELF,0x092A3F,メモリーカード(PS2)を,
ELF,ELF,0x092A55,抜き差ししないでください。,
ELF,ELF,0x092A70,既にプレイデータが存在します。,
ELF,ELF,0x092A8F,上書きになりますが,
ELF,ELF,0x092AA2,よろしいですか？,
ELF,ELF,0x092AC0,フォーマットしています。,
ELF,ELF,0x092AD9,メモリーカード(PS2)を,
ELF,ELF,0x092AEF,抜き差ししないでください。,
ELF,ELF,0x092B10,セーブデータが破損していました。,
ELF,ELF,0x092B40,セーブデータをチェック中です。,
ELF,ELF,0x092B5F,メモリーカード(PS2)を,
ELF,ELF,0x092B75,抜き差ししないでください。,
ELF,ELF,0x092BC0,メモリーカード(PS2)を,
ELF,ELF,0x092BD6,調べています。,
ELF,ELF,0x092BE5,抜き差ししないで下さい。,
ELF,ELF,0x092D28,？？？,
ELF,ELF,0x092FC0,システムデータは保存されません,
ELF,ELF,0x092FDF,保存しないで終了しますか？,
ELF,ELF,0x093000,ストロベリーパニック！の,
ELF,ELF,0x093019,セーブデータを作成するには,
ELF,ELF,0x093039,以上の空き容量が必要です。,
ELF,ELF,0x09306B,差込口１に,
ELF,ELF,0x093076,メモリーカード(PS2)が,
ELF,ELF,0x09308C,正しく差し込まれていません。,
ELF,ELF,0x0930B0,メモリーカード(PS2)の,
ELF,ELF,0x0930C6,空き容量が不足しています。,
ELF,ELF,0x0930F0,システムデータの読み込みに,
ELF,ELF,0x09310B,失敗しました。,
ELF,ELF,0x093120,システムデータの保存に,
ELF,ELF,0x093137,失敗しました。,
ELF,ELF,0x093150,メモリーカード(PS2)の,
ELF,ELF,0x093166,フォーマットに失敗しました。,
ELF,ELF,0x093190,メモリーカード(PS2)が,
ELF,ELF,0x0931A6,フォーマットされていません。,
ELF,ELF,0x0931C3,フォーマットしてよろしいですか？,
ELF,ELF,0x0931F0,システムデータをセーブ中です。,
ELF,ELF,0x09320F,メモリーカード(PS2)を,
ELF,ELF,0x093225,抜き差ししないでください。,
ELF,ELF,0x093240,フォーマットしています。,
ELF,ELF,0x093259,メモリーカード(PS2)を,
ELF,ELF,0x09326F,抜き差ししないでください。,
ELF,ELF,0x093290,セーブデータをチェック中です。,
ELF,ELF,0x0932AF,メモリーカード(PS2)を,
ELF,ELF,0x0932C5,抜き差ししないでください。,
ELF,ELF,0x0932E0,メモリーカード(PS2)を,
ELF,ELF,0x0932F6,調べています。,
ELF,ELF,0x093305,抜き差ししないでください。,
ELF,ELF,0x093320,システムデータを保存しますか？,
